model	position	layer	train_n	val_n	test_n	val_auroc	val_recall	val_fpr	test_auroc	test_auprc	test_recall	test_fpr	threshold	reasoningshield_test_n	reasoningshield_test_auroc	reasoningshield_test_auprc	reasoningshield_test_recall	reasoningshield_test_fpr
linear	cot_0	7	4710	588	587	0.939153	0.608696	0.0462428	0.952765	0.7355	0.764706	0.0385356	0.905864	337	0.838399	0.667302	0.647887	0.203008
linear	cot_0	8	4710	588	587	0.941331	0.536232	0.044316	0.957044	0.772677	0.705882	0.0308285	0.915856	337	0.849042	0.678255	0.647887	0.199248
linear	cot_0	14	4710	588	587	0.936807	0.550725	0.0481696	0.957242	0.778485	0.764706	0.044316	0.898361	337	0.854548	0.670293	0.647887	0.206767
linear	cot_0	16	4710	588	587	0.943118	0.608696	0.0423892	0.958518	0.777582	0.794118	0.0404624	0.8949	337	0.849042	0.642162	0.676056	0.210526
linear	cot_0	17	4710	588	587	0.94228	0.594203	0.0462428	0.959028	0.769039	0.794118	0.0404624	0.889409	337	0.846288	0.666217	0.704225	0.206767
linear	cot_0	20	4710	588	587	0.943341	0.623188	0.0404624	0.954721	0.765358	0.779412	0.0404624	0.894557	337	0.832363	0.632568	0.633803	0.203008
linear	cot_0	21	4710	588	587	0.944961	0.637681	0.0481696	0.954862	0.768631	0.794118	0.0423892	0.88	337	0.856984	0.662899	0.690141	0.225564
linear	cot_0	22	4710	588	587	0.944486	0.608696	0.0346821	0.955514	0.770978	0.779412	0.0385356	0.9	337	0.853119	0.662205	0.676056	0.210526
linear	cot_0	24	4710	588	587	0.946441	0.623188	0.0462428	0.956874	0.774881	0.808824	0.0462428	0.887129	337	0.84237	0.662275	0.676056	0.229323
linear	cot_0	25	4710	588	587	0.94538	0.608696	0.0423892	0.955344	0.772864	0.779412	0.0385356	0.897478	337	0.840411	0.644635	0.647887	0.210526
linear	cot_0	28	4710	588	587	0.947139	0.608696	0.044316	0.958971	0.774257	0.794118	0.0346821	0.897116	337	0.856402	0.670242	0.661972	0.203008
linear	cot_0	32	4710	588	587	0.949178	0.666667	0.0462428	0.957979	0.777082	0.823529	0.044316	0.891593	337	0.854601	0.684169	0.690141	0.195489
linear	cot_1	7	4710	588	587	0.941694	0.594203	0.0481696	0.956562	0.737823	0.75	0.0308285	0.88	337	0.828974	0.636681	0.633803	0.157895
linear	cot_1	8	4710	588	587	0.940074	0.594203	0.0462428	0.956761	0.757466	0.75	0.0289017	0.882254	337	0.856613	0.650614	0.633803	0.146617
linear	cot_1	14	4710	588	587	0.94295	0.565217	0.044316	0.962824	0.802927	0.735294	0.0404624	0.927058	337	0.81023	0.598895	0.549296	0.0977444
linear	cot_1	16	4710	588	587	0.945799	0.637681	0.044316	0.957866	0.79449	0.764706	0.0462428	0.896385	337	0.840834	0.605576	0.56338	0.105263
linear	cot_1	17	4710	588	587	0.943034	0.666667	0.0481696	0.960529	0.801882	0.720588	0.0481696	0.9059	337	0.855872	0.604161	0.450704	0.0864662
linear	cot_1	20	4710	588	587	0.941135	0.637681	0.0423892	0.959566	0.789966	0.705882	0.0481696	0.92	337	0.854495	0.592544	0.450704	0.101504
linear	cot_1	21	4710	588	587	0.939572	0.623188	0.044316	0.961521	0.795134	0.691176	0.0520231	0.911791	337	0.84973	0.585249	0.464789	0.101504
linear	cot_1	22	4710	588	587	0.939627	0.652174	0.0481696	0.961068	0.799137	0.75	0.0578035	0.900741	337	0.854072	0.599423	0.535211	0.105263
linear	cot_1	24	4710	588	587	0.936835	0.594203	0.0462428	0.963391	0.800712	0.75	0.0481696	0.91626	337	0.856349	0.58842	0.464789	0.0977444
linear	cot_1	25	4710	588	587	0.935104	0.57971	0.044316	0.961804	0.791087	0.720588	0.0481696	0.919332	337	0.852695	0.592327	0.43662	0.093985
linear	cot_1	28	4710	588	587	0.931641	0.623188	0.0481696	0.958659	0.781266	0.705882	0.0500963	0.915417	337	0.846977	0.568027	0.408451	0.093985
linear	cot_1	32	4710	588	587	0.9291	0.57971	0.0481696	0.954211	0.758081	0.691176	0.0481696	0.91366	337	0.854284	0.569089	0.422535	0.0902256
linear	cot_2	7	4710	588	587	0.947083	0.623188	0.0346821	0.949932	0.748554	0.705882	0.0289017	0.914327	337	0.823732	0.593018	0.521127	0.093985
linear	cot_2	8	4710	588	587	0.945631	0.623188	0.0346821	0.947013	0.754945	0.705882	0.0289017	0.896477	337	0.816107	0.599326	0.591549	0.0827068
linear	cot_2	14	4710	588	587	0.943565	0.637681	0.044316	0.953644	0.794814	0.764706	0.0385356	0.876454	337	0.87181	0.628631	0.619718	0.109023
linear	cot_2	16	4710	588	587	0.94605	0.681159	0.0423892	0.959283	0.792338	0.720588	0.0423892	0.916423	337	0.855184	0.64241	0.56338	0.101504
linear	cot_2	17	4710	588	587	0.942448	0.681159	0.0481696	0.958262	0.782189	0.720588	0.0423892	0.92	337	0.850577	0.616721	0.492958	0.105263
linear	cot_2	20	4710	588	587	0.937533	0.623188	0.044316	0.959028	0.777951	0.661765	0.0385356	0.923142	337	0.873292	0.619322	0.521127	0.0827068
linear	cot_2	21	4710	588	587	0.93812	0.623188	0.0481696	0.959453	0.781222	0.691176	0.0500963	0.915359	337	0.884888	0.633312	0.549296	0.093985
linear	cot_2	22	4710	588	587	0.936193	0.594203	0.0481696	0.960189	0.78257	0.705882	0.0500963	0.917217	337	0.883194	0.625262	0.549296	0.101504
linear	cot_2	24	4710	588	587	0.934461	0.608696	0.0481696	0.957384	0.773399	0.705882	0.044316	0.918568	337	0.896008	0.653111	0.549296	0.0902256
linear	cot_2	25	4710	588	587	0.932591	0.594203	0.0481696	0.955826	0.778066	0.705882	0.0462428	0.915497	337	0.890077	0.636089	0.521127	0.105263
linear	cot_2	28	4710	588	587	0.937812	0.565217	0.0423892	0.952255	0.743563	0.529412	0.0327553	0.920828	337	0.879805	0.601935	0.366197	0.0827068
linear	cot_2	32	4710	588	587	0.939013	0.666667	0.0481696	0.948657	0.744837	0.661765	0.0520231	0.912252	337	0.873292	0.599344	0.492958	0.112782
linear	cot_3	7	4710	588	587	0.96233	0.768116	0.0462428	0.974527	0.802459	0.911765	0.0635838	0.81	337	0.907286	0.702501	0.788732	0.176692
linear	cot_3	8	4710	588	587	0.961213	0.782609	0.0462428	0.972203	0.794554	0.838235	0.0655106	0.83	337	0.905433	0.703412	0.760563	0.150376
linear	cot_3	14	4710	588	587	0.964899	0.84058	0.0423892	0.966281	0.827778	0.897059	0.0597303	0.85	337	0.890289	0.66752	0.746479	0.165414
linear	cot_3	16	4710	588	587	0.968473	0.855072	0.0423892	0.96903	0.834537	0.911765	0.0558767	0.847148	337	0.887324	0.649121	0.732394	0.154135
linear	cot_3	17	4710	588	587	0.96529	0.84058	0.0462428	0.970305	0.829462	0.911765	0.061657	0.82	337	0.883194	0.648448	0.788732	0.206767
linear	cot_3	20	4710	588	587	0.965513	0.811594	0.0481696	0.97685	0.83772	0.897059	0.0558767	0.82	337	0.901408	0.68517	0.802817	0.161654
linear	cot_3	21	4710	588	587	0.963196	0.797101	0.0462428	0.976397	0.834989	0.867647	0.0558767	0.818554	337	0.898179	0.683378	0.788732	0.150376
linear	cot_3	22	4710	588	587	0.960627	0.811594	0.044316	0.978295	0.841294	0.897059	0.0520231	0.853857	337	0.891507	0.681324	0.830986	0.176692
linear	cot_3	24	4710	588	587	0.960403	0.826087	0.0481696	0.97838	0.842187	0.911765	0.061657	0.78	337	0.887536	0.669143	0.859155	0.225564
linear	cot_3	25	4710	588	587	0.958225	0.811594	0.0462428	0.976567	0.834891	0.911765	0.0500963	0.82	337	0.8851	0.661102	0.859155	0.199248
linear	cot_3	28	4710	588	587	0.951132	0.695652	0.0289017	0.954834	0.729836	0.514706	0.0192678	0.93	337	0.786614	0.502308	0.295775	0.0676692
linear	cot_3	32	4710	588	587	0.952612	0.768116	0.0462428	0.945937	0.697976	0.676471	0.0462428	0.890946	337	0.759663	0.459522	0.478873	0.18797
linear	cot_4	7	4710	588	587	0.962833	0.826087	0.0481696	0.975887	0.828471	0.867647	0.061657	0.768944	337	0.916976	0.695699	0.901408	0.206767
linear	cot_4	8	4710	588	587	0.960962	0.797101	0.044316	0.975717	0.819175	0.867647	0.0558767	0.839487	337	0.90861	0.674737	0.816901	0.157895
linear	cot_4	14	4710	588	587	0.965178	0.811594	0.0462428	0.977474	0.864897	0.926471	0.0712909	0.775172	337	0.923912	0.703056	0.929577	0.210526
linear	cot_4	16	4710	588	587	0.961604	0.797101	0.0346821	0.981922	0.863021	0.897059	0.0404624	0.86	337	0.914646	0.680245	0.774648	0.131579
linear	cot_4	17	4710	588	587	0.958337	0.811594	0.044316	0.981299	0.832884	0.941176	0.0674374	0.806932	337	0.906809	0.670877	0.802817	0.180451
linear	cot_4	20	4710	588	587	0.953562	0.797101	0.0481696	0.98008	0.842165	0.882353	0.0578035	0.83	337	0.913746	0.695144	0.802817	0.176692
linear	cot_4	21	4710	588	587	0.953115	0.797101	0.0481696	0.978834	0.834766	0.897059	0.0597303	0.837273	337	0.909139	0.688659	0.830986	0.184211
linear	cot_4	22	4710	588	587	0.954623	0.782609	0.0481696	0.976822	0.808886	0.867647	0.0558767	0.86	337	0.891136	0.649502	0.802817	0.157895
linear	cot_4	24	4710	588	587	0.952696	0.768116	0.044316	0.978777	0.809459	0.897059	0.0462428	0.88	337	0.885047	0.645842	0.746479	0.146617
linear	cot_4	25	4710	588	587	0.951635	0.782609	0.0481696	0.977304	0.804487	0.882353	0.0500963	0.879031	337	0.878852	0.642207	0.704225	0.161654
linear	cot_4	28	4710	588	587	0.955656	0.753623	0.0366089	0.981469	0.851605	0.897059	0.044316	0.872628	337	0.884306	0.642139	0.71831	0.172932
linear	cot_4	32	4710	588	587	0.952668	0.768116	0.044316	0.977049	0.837058	0.867647	0.0481696	0.84	337	0.877422	0.660092	0.760563	0.203008
linear	cot_5	7	4710	588	587	0.957499	0.84058	0.0481696	0.972572	0.808869	0.852941	0.0578035	0.814286	337	0.89103	0.62227	0.830986	0.236842
linear	cot_5	8	4710	588	587	0.961939	0.884058	0.0481696	0.972572	0.801897	0.838235	0.0655106	0.8	337	0.887959	0.616513	0.859155	0.270677
linear	cot_5	14	4710	588	587	0.966547	0.811594	0.0462428	0.96461	0.839059	0.897059	0.0597303	0.838141	337	0.859473	0.576761	0.816901	0.24812
linear	cot_5	16	4710	588	587	0.96744	0.811594	0.0462428	0.967585	0.842401	0.911765	0.0597303	0.81	337	0.865932	0.608315	0.873239	0.296992
linear	cot_5	17	4710	588	587	0.967552	0.811594	0.0481696	0.972997	0.846258	0.867647	0.0520231	0.84	337	0.864503	0.589237	0.84507	0.270677
linear	cot_5	20	4710	588	587	0.968781	0.782609	0.0481696	0.973167	0.852627	0.867647	0.0500963	0.83529	337	0.855687	0.547355	0.830986	0.244361
linear	cot_5	21	4710	588	587	0.967775	0.753623	0.0462428	0.974697	0.850581	0.823529	0.044316	0.87	337	0.85942	0.579001	0.760563	0.203008
linear	cot_5	22	4710	588	587	0.969646	0.73913	0.044316	0.976369	0.85223	0.808824	0.0404624	0.877613	337	0.861008	0.559798	0.774648	0.165414
linear	cot_5	24	4710	588	587	0.961576	0.782609	0.0481696	0.973337	0.843578	0.867647	0.0520231	0.848493	337	0.844859	0.564893	0.774648	0.266917
linear	cot_5	25	4710	588	587	0.959202	0.797101	0.0462428	0.974073	0.844278	0.882353	0.0539499	0.84906	337	0.837287	0.549976	0.774648	0.281955
linear	cot_5	28	4710	588	587	0.958197	0.826087	0.0462428	0.969398	0.826537	0.823529	0.0558767	0.836122	337	0.845123	0.562892	0.774648	0.296992
linear	cot_5	32	4710	588	587	0.953562	0.753623	0.0481696	0.967358	0.809063	0.794118	0.0462428	0.861025	337	0.789633	0.482056	0.647887	0.274436
linear	cot_6	7	4710	588	587	0.950937	0.811594	0.0481696	0.962088	0.795614	0.764706	0.0500963	0.848402	337	0.812665	0.562628	0.56338	0.150376
linear	cot_6	8	4710	588	587	0.957415	0.782609	0.044316	0.964241	0.805155	0.794118	0.0462428	0.860672	337	0.833157	0.589672	0.577465	0.116541
linear	cot_6	14	4710	588	587	0.954232	0.724638	0.0462428	0.974867	0.843227	0.808824	0.0500963	0.863166	337	0.857037	0.595453	0.549296	0.142857
linear	cot_6	16	4710	588	587	0.956829	0.797101	0.0462428	0.971325	0.818653	0.823529	0.0578035	0.85	337	0.854813	0.592343	0.633803	0.150376
linear	cot_6	17	4710	588	587	0.959873	0.782609	0.0481696	0.967896	0.78841	0.779412	0.0597303	0.85	337	0.830721	0.560874	0.577465	0.161654
linear	cot_6	20	4710	588	587	0.960096	0.768116	0.044316	0.964723	0.784132	0.808824	0.0481696	0.89	337	0.816107	0.566463	0.591549	0.150376
linear	cot_6	21	4710	588	587	0.961185	0.768116	0.0423892	0.962173	0.780531	0.794118	0.0500963	0.89	337	0.808218	0.548774	0.591549	0.154135
linear	cot_6	22	4710	588	587	0.960236	0.73913	0.0462428	0.964185	0.784885	0.764706	0.0385356	0.89	337	0.802129	0.534499	0.577465	0.154135
linear	cot_6	24	4710	588	587	0.953785	0.782609	0.0481696	0.961918	0.762647	0.75	0.0500963	0.88	337	0.781372	0.5203	0.535211	0.146617
linear	cot_6	25	4710	588	587	0.952138	0.782609	0.0404624	0.961606	0.760413	0.735294	0.0500963	0.885763	337	0.770941	0.506485	0.492958	0.131579
linear	cot_6	28	4710	588	587	0.946022	0.724638	0.044316	0.956279	0.75339	0.705882	0.0578035	0.884441	337	0.761834	0.492132	0.577465	0.146617
linear	cot_6	32	4710	588	587	0.945966	0.724638	0.0481696	0.9435	0.738956	0.676471	0.0500963	0.896257	337	0.71831	0.41637	0.549296	0.176692
linear	cot_7	7	4710	588	587	0.947977	0.710145	0.0462428	0.957072	0.743944	0.794118	0.0500963	0.877747	337	0.749762	0.452736	0.535211	0.18797
linear	cot_7	8	4710	588	587	0.942811	0.695652	0.044316	0.960133	0.777512	0.75	0.0558767	0.86	337	0.784179	0.505803	0.56338	0.172932
linear	cot_7	14	4710	588	587	0.940381	0.681159	0.044316	0.955117	0.735317	0.676471	0.061657	0.909661	337	0.792121	0.548644	0.605634	0.12782
linear	cot_7	16	4710	588	587	0.942587	0.753623	0.0481696	0.967528	0.810473	0.764706	0.0578035	0.888734	337	0.813672	0.553809	0.71831	0.18797
linear	cot_7	17	4710	588	587	0.946888	0.695652	0.0404624	0.969341	0.818693	0.75	0.0404624	0.909218	337	0.815737	0.555572	0.619718	0.150376
linear	cot_7	20	4710	588	587	0.946553	0.695652	0.0423892	0.959339	0.760777	0.661765	0.0346821	0.92	337	0.809859	0.515701	0.619718	0.146617
linear	cot_7	21	4710	588	587	0.951579	0.724638	0.044316	0.966876	0.82409	0.794118	0.0404624	0.91	337	0.791592	0.454717	0.633803	0.157895
linear	cot_7	22	4710	588	587	0.948815	0.710145	0.0423892	0.957922	0.801786	0.75	0.0423892	0.899725	337	0.796781	0.457849	0.619718	0.157895
linear	cot_7	24	4710	588	587	0.944095	0.73913	0.0481696	0.950669	0.780442	0.764706	0.0481696	0.890398	337	0.797628	0.467616	0.619718	0.169173
linear	cot_7	25	4710	588	587	0.939404	0.753623	0.0423892	0.947552	0.778148	0.764706	0.0520231	0.896664	337	0.795404	0.475589	0.633803	0.154135
linear	cot_7	28	4710	588	587	0.937645	0.768116	0.0462428	0.927576	0.62739	0.632353	0.0462428	0.91853	337	0.782749	0.525514	0.492958	0.12406
linear	cot_7	32	4710	588	587	0.936193	0.695652	0.0481696	0.93823	0.691729	0.632353	0.0539499	0.891737	337	0.77163	0.482925	0.605634	0.180451
linear	cot_8	7	4710	588	587	0.951188	0.753623	0.0462428	0.956987	0.781541	0.720588	0.0462428	0.889581	337	0.835116	0.619913	0.647887	0.161654
linear	cot_8	8	4710	588	587	0.952556	0.782609	0.044316	0.961521	0.789003	0.735294	0.0500963	0.89	337	0.842423	0.642529	0.690141	0.169173
linear	cot_8	14	4710	588	587	0.958365	0.768116	0.044316	0.96631	0.827948	0.794118	0.044316	0.87	337	0.898073	0.716144	0.802817	0.131579
linear	cot_8	16	4710	588	587	0.959147	0.724638	0.0462428	0.955712	0.804627	0.794118	0.0481696	0.88	337	0.875357	0.666553	0.732394	0.112782
linear	cot_8	17	4710	588	587	0.954567	0.768116	0.0481696	0.962371	0.794834	0.794118	0.0597303	0.85685	337	0.875252	0.655431	0.774648	0.154135
linear	cot_8	20	4710	588	587	0.952054	0.724638	0.0481696	0.959793	0.78105	0.764706	0.0635838	0.868723	337	0.870698	0.642149	0.774648	0.150376
linear	cot_8	21	4710	588	587	0.952389	0.724638	0.0481696	0.957497	0.77195	0.779412	0.0520231	0.880249	337	0.863338	0.633921	0.704225	0.139098
linear	cot_8	22	4710	588	587	0.952249	0.724638	0.0462428	0.959679	0.778056	0.808824	0.044316	0.888995	337	0.855925	0.615572	0.690141	0.12782
linear	cot_8	24	4710	588	587	0.954176	0.710145	0.0462428	0.958064	0.753168	0.75	0.0635838	0.87	337	0.85243	0.636221	0.732394	0.150376
linear	cot_8	25	4710	588	587	0.950434	0.681159	0.0481696	0.953842	0.742341	0.735294	0.0520231	0.88517	337	0.834692	0.623729	0.633803	0.146617
linear	cot_8	28	4710	588	587	0.940074	0.565217	0.0308285	0.951094	0.727341	0.558824	0.0250482	0.925889	337	0.836863	0.623171	0.605634	0.093985
linear	cot_8	32	4710	588	587	0.930412	0.666667	0.0423892	0.934178	0.668561	0.632353	0.0558767	0.89	337	0.796463	0.546479	0.605634	0.131579
linear	cot_9	7	4710	588	587	0.946692	0.753623	0.0462428	0.9384	0.758676	0.75	0.0635838	0.83894	337	0.85619	0.661114	0.71831	0.191729
linear	cot_9	8	4710	588	587	0.953701	0.724638	0.0423892	0.946872	0.7793	0.779412	0.0597303	0.85	337	0.86069	0.645321	0.71831	0.172932
linear	cot_9	14	4710	588	587	0.94848	0.753623	0.0481696	0.959963	0.807149	0.779412	0.0578035	0.84	337	0.894313	0.693832	0.746479	0.172932
linear	cot_9	16	4710	588	587	0.941107	0.695652	0.044316	0.942423	0.752071	0.705882	0.0481696	0.862812	337	0.801228	0.554957	0.661972	0.169173
linear	cot_9	17	4710	588	587	0.937645	0.652174	0.0346821	0.943387	0.719231	0.617647	0.0423892	0.88	337	0.782114	0.514209	0.549296	0.139098
linear	cot_9	20	4710	588	587	0.928039	0.652174	0.044316	0.93687	0.674482	0.617647	0.0500963	0.868897	337	0.778195	0.513196	0.549296	0.12406
linear	cot_9	21	4710	588	587	0.93072	0.695652	0.0462428	0.93925	0.721523	0.647059	0.0462428	0.86	337	0.789527	0.54682	0.549296	0.142857
linear	cot_9	22	4710	588	587	0.932339	0.594203	0.0423892	0.934404	0.664317	0.529412	0.0346821	0.891048	337	0.755586	0.491179	0.478873	0.105263
linear	cot_9	24	4710	588	587	0.928932	0.652174	0.044316	0.933838	0.700097	0.647059	0.0520231	0.86	337	0.764058	0.50754	0.577465	0.157895
linear	cot_9	25	4710	588	587	0.919885	0.637681	0.0462428	0.931854	0.694091	0.661765	0.0578035	0.85921	337	0.747591	0.493386	0.521127	0.157895
linear	cot_9	28	4710	588	587	0.911787	0.623188	0.0366089	0.937918	0.73549	0.632353	0.0481696	0.876541	337	0.778143	0.504682	0.478873	0.161654
linear	cot_9	32	4710	588	587	0.885007	0.652174	0.0423892	0.918792	0.63963	0.661765	0.0597303	0.853267	337	0.73393	0.421523	0.464789	0.165414
linear	cot_10	7	4710	588	587	0.955684	0.826087	0.0481696	0.955996	0.781637	0.794118	0.0597303	0.812347	337	0.854072	0.632971	0.732394	0.195489
linear	cot_10	8	4710	588	587	0.962553	0.811594	0.0462428	0.960246	0.787529	0.823529	0.0462428	0.83	337	0.858943	0.63207	0.760563	0.206767
linear	cot_10	14	4710	588	587	0.951467	0.768116	0.0481696	0.950697	0.757625	0.852941	0.0732177	0.825615	337	0.799375	0.513914	0.71831	0.278195
linear	cot_10	16	4710	588	587	0.953869	0.782609	0.0481696	0.959566	0.815354	0.838235	0.0539499	0.827695	337	0.838081	0.582581	0.704225	0.161654
linear	cot_10	17	4710	588	587	0.946916	0.73913	0.0404624	0.960104	0.800501	0.808824	0.0520231	0.84	337	0.827015	0.583287	0.676056	0.165414
linear	cot_10	20	4710	588	587	0.949932	0.710145	0.0481696	0.963504	0.818882	0.838235	0.0462428	0.822924	337	0.842105	0.583423	0.704225	0.184211
linear	cot_10	21	4710	588	587	0.947223	0.681159	0.0481696	0.961719	0.789244	0.764706	0.0385356	0.848859	337	0.817854	0.573057	0.647887	0.150376
linear	cot_10	22	4710	588	587	0.948535	0.724638	0.0423892	0.958574	0.801463	0.838235	0.0385356	0.84	337	0.825479	0.599939	0.676056	0.165414
linear	cot_10	24	4710	588	587	0.930105	0.710145	0.0481696	0.960784	0.839165	0.823529	0.044316	0.830366	337	0.809171	0.557427	0.676056	0.195489
linear	cot_10	25	4710	588	587	0.934517	0.710145	0.0404624	0.957781	0.825133	0.808824	0.0366089	0.847283	337	0.775283	0.50958	0.577465	0.18797
linear	cot_10	28	4710	588	587	0.922622	0.57971	0.0346821	0.952029	0.786365	0.705882	0.0308285	0.87	337	0.780631	0.513952	0.464789	0.112782
linear	cot_10	32	4710	588	587	0.902432	0.608696	0.0481696	0.924175	0.668623	0.558824	0.0500963	0.849967	337	0.76104	0.471519	0.549296	0.176692
linear	cot_12	7	4707	588	587	0.939013	0.695652	0.0481696	0.941488	0.746624	0.661765	0.0500963	0.839819	337	0.841629	0.590288	0.633803	0.161654
linear	cot_12	8	4707	588	587	0.952277	0.73913	0.0481696	0.941375	0.779483	0.764706	0.0597303	0.845228	337	0.860638	0.623178	0.746479	0.172932
linear	cot_12	14	4707	588	587	0.962135	0.782609	0.0481696	0.958801	0.757253	0.794118	0.0597303	0.845118	337	0.879276	0.661746	0.746479	0.154135
linear	cot_12	16	4707	588	587	0.960292	0.84058	0.044316	0.949394	0.743494	0.764706	0.0712909	0.839987	337	0.845759	0.596714	0.676056	0.180451
linear	cot_12	17	4707	588	587	0.956298	0.695652	0.0385356	0.958886	0.763059	0.691176	0.0404624	0.864226	337	0.812613	0.561056	0.605634	0.161654
linear	cot_12	20	4707	588	587	0.957304	0.753623	0.0366089	0.959736	0.739666	0.75	0.0404624	0.868124	337	0.812613	0.554276	0.56338	0.161654
linear	cot_12	21	4707	588	587	0.940912	0.710145	0.0481696	0.953474	0.715559	0.705882	0.0462428	0.847468	337	0.79048	0.519601	0.549296	0.218045
linear	cot_12	22	4707	588	587	0.939041	0.695652	0.0462428	0.94724	0.699836	0.691176	0.0462428	0.850868	337	0.786509	0.518866	0.549296	0.169173
linear	cot_12	24	4707	588	587	0.926531	0.637681	0.0481696	0.928851	0.63515	0.588235	0.0578035	0.856687	337	0.792492	0.523217	0.507042	0.169173
linear	cot_12	25	4707	588	587	0.927508	0.608696	0.0462428	0.927434	0.66319	0.617647	0.0520231	0.859319	337	0.779096	0.507888	0.464789	0.131579
linear	cot_12	28	4707	588	587	0.921784	0.594203	0.044316	0.923127	0.618901	0.544118	0.0385356	0.867096	337	0.786138	0.481311	0.338028	0.120301
linear	cot_12	32	4707	588	587	0.904806	0.550725	0.0481696	0.916015	0.593459	0.455882	0.044316	0.875544	337	0.751033	0.488432	0.352113	0.112782
linear	cot_16	7	4704	588	587	0.945827	0.695652	0.0462428	0.954862	0.770884	0.794118	0.061657	0.832958	337	0.859526	0.605853	0.746479	0.184211
linear	cot_16	8	4704	588	587	0.939376	0.73913	0.0462428	0.957214	0.778413	0.823529	0.0732177	0.819238	337	0.864768	0.598755	0.788732	0.206767
linear	cot_16	14	4704	588	587	0.95426	0.782609	0.0404624	0.945852	0.745232	0.764706	0.061657	0.827156	337	0.856878	0.647326	0.774648	0.218045
linear	cot_16	16	4704	588	587	0.950741	0.826087	0.0462428	0.937238	0.726481	0.779412	0.0963391	0.786048	337	0.832204	0.549915	0.746479	0.255639
linear	cot_16	17	4704	588	587	0.949876	0.811594	0.0481696	0.933328	0.753478	0.808824	0.0867052	0.793672	337	0.850683	0.563933	0.760563	0.229323
linear	cot_16	20	4704	588	587	0.932814	0.652174	0.0481696	0.923524	0.668455	0.705882	0.0597303	0.85	337	0.815366	0.551683	0.535211	0.161654
linear	cot_16	21	4704	588	587	0.932032	0.652174	0.0481696	0.920917	0.685145	0.705882	0.0597303	0.84	337	0.807106	0.546168	0.56338	0.18797
linear	cot_16	22	4704	588	587	0.932563	0.710145	0.0462428	0.903916	0.687683	0.661765	0.0597303	0.831985	337	0.814307	0.543546	0.619718	0.199248
linear	cot_16	24	4704	588	587	0.926503	0.594203	0.0481696	0.889238	0.627959	0.617647	0.0635838	0.84	337	0.766123	0.494694	0.535211	0.184211
linear	cot_16	25	4704	588	587	0.913658	0.623188	0.0462428	0.867392	0.58914	0.602941	0.0924855	0.826421	337	0.75961	0.491661	0.549296	0.203008
linear	cot_16	28	4704	588	587	0.901092	0.623188	0.0385356	0.872152	0.531377	0.588235	0.0751445	0.836253	337	0.754209	0.462975	0.450704	0.180451
linear	cot_16	32	4704	588	587	0.875178	0.492754	0.0481696	0.849399	0.408939	0.382353	0.0809249	0.846263	337	0.721963	0.412291	0.394366	0.161654
linear	cot_24	7	4703	588	587	0.920527	0.550725	0.0481696	0.940015	0.636773	0.647059	0.0597303	0.84	337	0.780049	0.511219	0.492958	0.184211
linear	cot_24	8	4703	588	587	0.913295	0.536232	0.0481696	0.940326	0.641003	0.573529	0.0558767	0.86	337	0.794716	0.518864	0.507042	0.12782
linear	cot_24	14	4703	588	587	0.953757	0.73913	0.0346821	0.943613	0.703963	0.647059	0.0481696	0.854141	337	0.828127	0.618373	0.591549	0.146617
linear	cot_24	16	4703	588	587	0.938818	0.681159	0.044316	0.907231	0.634478	0.691176	0.0751445	0.83	337	0.78349	0.58228	0.577465	0.176692
linear	cot_24	17	4703	588	587	0.932228	0.681159	0.0481696	0.918197	0.646173	0.705882	0.0828516	0.829674	337	0.773112	0.559395	0.492958	0.161654
linear	cot_24	20	4703	588	587	0.910447	0.521739	0.044316	0.906381	0.577145	0.602941	0.0578035	0.86	337	0.728741	0.393806	0.352113	0.154135
linear	cot_24	21	4703	588	587	0.90394	0.550725	0.0462428	0.904539	0.541927	0.529412	0.0558767	0.868835	337	0.733347	0.384689	0.323944	0.135338
linear	cot_24	22	4703	588	587	0.903661	0.565217	0.0481696	0.905956	0.558537	0.5	0.0385356	0.868197	337	0.742508	0.383805	0.309859	0.116541
linear	cot_24	24	4703	588	587	0.899668	0.478261	0.0481696	0.909753	0.571354	0.514706	0.044316	0.881824	337	0.715504	0.363036	0.239437	0.105263
linear	cot_24	25	4703	588	587	0.898104	0.463768	0.0481696	0.922929	0.605523	0.558824	0.0520231	0.873398	337	0.722334	0.363613	0.28169	0.120301
linear	cot_24	28	4703	588	587	0.919103	0.507246	0.044316	0.914003	0.579666	0.558824	0.0500963	0.88	337	0.695118	0.351142	0.253521	0.12406
linear	cot_24	32	4703	588	587	0.918321	0.57971	0.0462428	0.890853	0.594254	0.602941	0.0693642	0.868827	337	0.671979	0.340251	0.352113	0.180451
linear	cot_32	7	4699	588	587	0.910335	0.478261	0.0481696	0.931713	0.637117	0.544118	0.0366089	0.87939	336	0.7789	0.435708	0.422535	0.132075
linear	cot_32	8	4699	588	587	0.932479	0.565217	0.0481696	0.935509	0.661542	0.647059	0.0500963	0.878946	336	0.785703	0.502802	0.507042	0.150943
linear	cot_32	14	4699	588	587	0.954651	0.652174	0.0462428	0.939675	0.696167	0.647059	0.0404624	0.875681	336	0.847834	0.655386	0.605634	0.101887
linear	cot_32	16	4699	588	587	0.953031	0.695652	0.044316	0.940893	0.775128	0.705882	0.0385356	0.88	336	0.841191	0.609072	0.591549	0.101887
linear	cot_32	17	4699	588	587	0.949708	0.652174	0.044316	0.942423	0.696288	0.720588	0.044316	0.866655	336	0.833059	0.623722	0.577465	0.116981
linear	cot_32	20	4699	588	587	0.940354	0.695652	0.0462428	0.927519	0.668364	0.705882	0.0385356	0.86	336	0.81047	0.545317	0.507042	0.116981
linear	cot_32	21	4699	588	587	0.935076	0.652174	0.0462428	0.92375	0.661003	0.647059	0.0481696	0.869366	336	0.795429	0.554335	0.464789	0.116981
linear	cot_32	22	4699	588	587	0.939991	0.637681	0.0462428	0.92137	0.66569	0.632353	0.0462428	0.874992	336	0.810842	0.554562	0.464789	0.116981
linear	cot_32	24	4699	588	587	0.937282	0.666667	0.0481696	0.923694	0.635874	0.661765	0.061657	0.865549	336	0.795589	0.524703	0.507042	0.150943
linear	cot_32	25	4699	588	587	0.942727	0.637681	0.044316	0.928879	0.659827	0.661765	0.0578035	0.864325	336	0.785331	0.526816	0.492958	0.169811
linear	cot_32	28	4699	588	587	0.926838	0.536232	0.0423892	0.920095	0.637697	0.5	0.0289017	0.897409	336	0.793994	0.498552	0.394366	0.109434
linear	cot_32	32	4699	588	587	0.904415	0.536232	0.0423892	0.917998	0.655864	0.514706	0.0289017	0.889391	336	0.753016	0.45015	0.352113	0.132075
linear	cot_48	7	4683	587	587	0.897655	0.565217	0.0482625	0.931174	0.659634	0.5	0.0385356	0.872913	335	0.739223	0.50515	0.464789	0.170455
linear	cot_48	8	4683	587	587	0.911449	0.594203	0.0405405	0.932846	0.680736	0.544118	0.0423892	0.868173	335	0.739437	0.495528	0.507042	0.162879
linear	cot_48	14	4683	587	587	0.949191	0.724638	0.0482625	0.952199	0.705503	0.705882	0.0597303	0.842852	335	0.819889	0.642225	0.633803	0.151515
linear	cot_48	16	4683	587	587	0.934839	0.666667	0.0482625	0.950272	0.743719	0.647059	0.0404624	0.87	335	0.803724	0.575783	0.56338	0.136364
linear	cot_48	17	4683	587	587	0.938588	0.681159	0.046332	0.952936	0.700676	0.705882	0.0423892	0.857186	335	0.77134	0.482823	0.56338	0.159091
linear	cot_48	20	4683	587	587	0.933384	0.550725	0.0405405	0.946022	0.711601	0.617647	0.0404624	0.881802	335	0.747066	0.458216	0.422535	0.113636
linear	cot_48	21	4683	587	587	0.935146	0.550725	0.0444015	0.944662	0.7001	0.632353	0.044316	0.88	335	0.747813	0.450461	0.43662	0.0909091
linear	cot_48	22	4683	587	587	0.932936	0.521739	0.0289575	0.945143	0.675201	0.470588	0.0289017	0.906701	335	0.742851	0.447962	0.309859	0.0568182
linear	cot_48	24	4683	587	587	0.928711	0.536232	0.0444015	0.933243	0.691052	0.617647	0.0366089	0.879842	335	0.741571	0.414378	0.352113	0.102273
linear	cot_48	25	4683	587	587	0.922304	0.57971	0.0482625	0.926159	0.668316	0.661765	0.0500963	0.87	335	0.741624	0.420079	0.422535	0.128788
linear	cot_48	28	4683	587	587	0.922192	0.536232	0.0482625	0.916752	0.643924	0.647059	0.0520231	0.868187	335	0.721031	0.401331	0.450704	0.132576
linear	cot_48	32	4683	587	587	0.925214	0.521739	0.0444015	0.899949	0.600365	0.441176	0.044316	0.886462	335	0.699797	0.408276	0.380282	0.155303
linear	cot_64	7	4656	586	584	0.9131	0.565217	0.0444874	0.937899	0.674987	0.632353	0.0503876	0.86522	334	0.737803	0.396437	0.478873	0.190114
linear	cot_64	8	4656	586	584	0.931685	0.565217	0.0444874	0.943941	0.747477	0.705882	0.0426357	0.876468	334	0.761313	0.438267	0.408451	0.144487
linear	cot_64	14	4656	586	584	0.960671	0.652174	0.040619	0.950353	0.707642	0.735294	0.0620155	0.874472	334	0.85969	0.606991	0.549296	0.0798479
linear	cot_64	16	4656	586	584	0.948729	0.681159	0.0464217	0.943542	0.724246	0.75	0.0639535	0.851791	334	0.840411	0.626454	0.619718	0.140684
linear	cot_64	17	4656	586	584	0.949233	0.652174	0.0464217	0.944055	0.669372	0.735294	0.0620155	0.86	334	0.836663	0.592679	0.56338	0.114068
linear	cot_64	20	4656	586	584	0.937964	0.608696	0.0464217	0.93408	0.679053	0.676471	0.0484496	0.859733	334	0.825363	0.573728	0.605634	0.125475
linear	cot_64	21	4656	586	584	0.938553	0.695652	0.0425532	0.934907	0.646593	0.691176	0.0562016	0.85884	334	0.801799	0.53104	0.549296	0.125475
linear	cot_64	22	4656	586	584	0.939814	0.637681	0.0444874	0.93807	0.670781	0.647059	0.0484496	0.863447	334	0.804745	0.507097	0.56338	0.155894
linear	cot_64	24	4656	586	584	0.929555	0.637681	0.0464217	0.933995	0.608266	0.617647	0.0542636	0.854353	334	0.796765	0.512316	0.591549	0.1673
linear	cot_64	25	4656	586	584	0.927648	0.608696	0.0483559	0.925416	0.587744	0.573529	0.0542636	0.857728	334	0.783163	0.483149	0.521127	0.205323
linear	cot_64	28	4656	586	584	0.927172	0.608696	0.0483559	0.919631	0.591831	0.544118	0.0465116	0.868353	334	0.790982	0.52264	0.535211	0.148289
linear	cot_64	32	4656	586	584	0.902896	0.478261	0.0425532	0.891558	0.536789	0.485294	0.0368217	0.876509	334	0.746372	0.496353	0.492958	0.140684
linear	cot_96	7	4581	580	583	0.920417	0.565217	0.0430528	0.914563	0.635105	0.5	0.0330097	0.875786	331	0.717714	0.416731	0.309859	0.126923
linear	cot_96	8	4581	580	583	0.912646	0.565217	0.0489237	0.935922	0.664936	0.529412	0.0466019	0.864257	331	0.740899	0.471852	0.43662	0.123077
linear	cot_96	14	4581	580	583	0.940753	0.724638	0.0469667	0.951656	0.703565	0.647059	0.0466019	0.855103	331	0.786566	0.519364	0.478873	0.107692
linear	cot_96	16	4581	580	583	0.925012	0.681159	0.0469667	0.941947	0.668485	0.617647	0.038835	0.867613	331	0.792091	0.531775	0.492958	0.123077
linear	cot_96	17	4581	580	583	0.928954	0.681159	0.0489237	0.945488	0.688619	0.617647	0.0466019	0.858055	331	0.785374	0.48958	0.56338	0.146154
linear	cot_96	20	4581	580	583	0.92592	0.666667	0.0469667	0.927556	0.629588	0.529412	0.0485437	0.86	331	0.737757	0.463968	0.450704	0.173077
linear	cot_96	21	4581	580	583	0.918035	0.623188	0.0450098	0.928527	0.626716	0.5	0.0407767	0.859214	331	0.751517	0.491985	0.577465	0.165385
linear	cot_96	22	4581	580	583	0.927522	0.608696	0.0450098	0.920388	0.642582	0.514706	0.0407767	0.87	331	0.769339	0.491981	0.535211	0.157692
linear	cot_96	24	4581	580	583	0.930032	0.623188	0.0489237	0.922187	0.637494	0.544118	0.0330097	0.862294	331	0.814789	0.565465	0.577465	0.161538
linear	cot_96	25	4581	580	583	0.924927	0.550725	0.0469667	0.910137	0.626189	0.514706	0.0330097	0.86692	331	0.796046	0.508582	0.535211	0.142308
linear	cot_96	28	4581	580	583	0.920985	0.492754	0.0450098	0.907681	0.610997	0.470588	0.0330097	0.88	331	0.777844	0.512449	0.535211	0.119231
linear	cot_96	32	4581	580	583	0.903401	0.492754	0.0469667	0.886208	0.512068	0.397059	0.0485437	0.871691	331	0.777248	0.489659	0.43662	0.107692
linear	cot_128	7	4537	574	578	0.932099	0.666667	0.0475248	0.897376	0.494698	0.588235	0.0823529	0.829506	327	0.784325	0.479664	0.628571	0.22179
linear	cot_128	8	4537	574	578	0.940049	0.724638	0.049505	0.908968	0.569489	0.691176	0.1	0.813061	327	0.789494	0.524481	0.628571	0.245136
linear	cot_128	14	4537	574	578	0.956493	0.855072	0.0475248	0.951384	0.749435	0.823529	0.0862745	0.815475	327	0.866315	0.686412	0.771429	0.194553
linear	cot_128	16	4537	574	578	0.944985	0.710145	0.0475248	0.928662	0.692196	0.720588	0.0588235	0.84	327	0.852807	0.632148	0.714286	0.163424
linear	cot_128	17	4537	574	578	0.955489	0.753623	0.0475248	0.930479	0.704345	0.661765	0.0568627	0.838178	327	0.865036	0.617071	0.671429	0.171206
linear	cot_128	20	4537	574	578	0.94685	0.768116	0.049505	0.924279	0.695081	0.720588	0.0490196	0.844148	327	0.825181	0.563339	0.585714	0.136187
linear	cot_128	21	4537	574	578	0.940738	0.681159	0.0475248	0.919752	0.666328	0.661765	0.0470588	0.848639	327	0.810784	0.508971	0.557143	0.14786
linear	cot_128	22	4537	574	578	0.933075	0.652174	0.049505	0.914216	0.63869	0.617647	0.0568627	0.85	327	0.790384	0.464068	0.485714	0.171206
linear	cot_128	24	4537	574	578	0.929029	0.594203	0.0475248	0.911765	0.629417	0.529412	0.0431373	0.86849	327	0.770984	0.441642	0.457143	0.132296
linear	cot_128	25	4537	574	578	0.922399	0.608696	0.049505	0.903979	0.604527	0.5	0.0470588	0.866501	327	0.766815	0.408845	0.442857	0.163424
linear	cot_128	28	4537	574	578	0.913818	0.536232	0.049505	0.894781	0.629972	0.485294	0.0254902	0.873672	327	0.753307	0.415095	0.385714	0.155642
linear	cot_128	32	4537	574	578	0.917578	0.521739	0.0455446	0.889418	0.60555	0.5	0.0509804	0.88248	327	0.748694	0.459658	0.457143	0.116732
